filename,text
0001.png,Ekonomika izdala (3 vai 4) tirgus dalībniekus
0002.png,"1,3,5,7 - reala ekonomika",
0003.png,"2,4,6,8 - nereala (virtuala) ekonomika",
0004.png,M - money,
0005.png,Monopolija uz eiro ražošana pieder tikai ECB,
0006.png,Subsīdijas,
0007.png,Demokratiskas pārvalde,
0008.png,Likumvara,
0009.png,(Saeima),
0010.png,Izpildvara,
0011.png,(Ministru Kabinets,
0012.png,Ministru 15,
0013.png,(14 + Min. Prez.),
0014.png,Tiesa,
0015.png,Darbs klase,
0016.png,"1) Majsaimniecība ir viens vai vairāki cilvēki, kas dzīvo",
0017.png,viena mājoklī un kopīgi sedz izdevumus. To var būt ģiemene.,
0018.png,Mājsaimniecības mērķis ir nodrošināt saviem locekļiem,
0019.png,stabilu dzīves vidi un resursi. Mājsaimnieciba var sniegt,
0020.png,to ražot resursus un iegūt ienākumi no tās,
0021.png,"2)„Ražošanas resursu tirgus ir vieta, kur tiek pirkts un",
0022.png,"pārdots viss, kas nepieciešams ražošanas procesam. Uzņemumi",
0023.png,ražo pārtiku. Ražošanas resursu tirgos notiek mijiedarbība,
0024.png,tarp pieprasījumu un piedāvajumi,